GEOID,ST10,COU10,TRACT10,AREAL10,AREAW10,CSA09,CBSA09,CBSA_T,MDIV09,CSI,COFLG,POP00,HU00,POP10,HU10,NPCHG,PPCHG,NHCHG,PHCHG
01001020100,01,001,020100,3.787640715,0.01402014218,388,33860,"Montgomery, AL",,1,O,1906,764,1912,752,6,0.31,-12,-1.57
01003010100,01,003,010100,invalid data,14.49553048,380,19300,"Daphne-Fairhope-Foley, AL",,2,C,4154,2341,3804,1984,-350,-8.43,-357,-15.25
01005950100,01,005,950100,187.3614167,11.21928403,,21640,"Eufaula, AL-GA",,2,C,3848,1735,3321,1627,-527,-13.70,-108,-6.22