GEOID,ST10,COU10,TRACT10,AREAL10,AREAW10,CSA09,CBSA09,CBSA_T,MDIV09,CSI,COFLG,POP00,HU00,POP10,HU10,NPCHG,PPCHG,NHCHG,PHCHG
01001020100,01,001,020100,3.787640715,0.01402014218,388,33860,"Montgomery, AL",,1,O,1906,764,1912,752,6,0.31,-12